word_count	page	path	visible_text
78	ansi	source/ansi.html	[%settitle FHIR Specification Home Page%] [%file newheader%] [%file newnavbar%] HL7, ANSI and the FHIR Standard Responsible Owner: FHIR Management Group Standards Status : Informative HL7 is an ANSI Accredited Standards Development Organization. As such, ANSI reviews HL7 processes both in general, and also specifically with regard to each standard. This standard will be submitted to ANSI in order for ANSI to certify that HL7 met its requirements for development of a formal standard with regard to FHIR. [%file newfooter%]
288	async	source/async.html	[%settitle Asynchronous patterns%] [%file newheader%] [%file newnavbar%] Asynchronous Request Patterns Responsible Owner: [%wgt fhir%] Work Group Standards Status : Informative Use Case All of the interactions defined in the RESTful API are described as synchronous operations - that is, the client makes a query and waits for the server to respond with the outcome in the HTTP response. This pattern is not always suitable when significant server side processing is necessary or when substantial amounts of data must be returned. A good example of this is the $export operation , where simple searches may result in large amounts of data. The asynchronous request patterns, based on rfc 7240 , cater to this use case and can be used for FHIR Defined Interactions and Operations . Patterns FHIR defines two asynchronous patterns: Asynchronous Bulk Data Request - for use in FHIR Operations and Defined Interactions that return a large amount of data. This pattern returns a manifest with links to data files containing FHIR resources. Asynchronous Interaction Request - for use in FHIR Operations and Defined Interactions that are not processed synchronously or may take a lot of time to process. For example, a server that accepts a high volume of sensor data and queues it for saving, or an operation that re-indexes the data in a server to add a new search parameter. This pattern returns a Bundle Resource . For now, these patterns are defined in the API Incubator while the details are finalised through implementation testing. Conformance Operations can declare as part of their definition whether they will be performed synchronously, asynchronously, or either. (See OperationDefinition.synchronicity ) Systems can also declare whether specific operations or interactions will be handled synchronously, asynchronously, or a mixture of them with synchronicity extensions in their CapabilityStatements.) [%file newfooter%]
203	best-practices	source/best-practices.html	[%settitle FHIR Best Practices%] [%file newheader%] [%file newnavbar%] Best Practices Responsible Owner: [%wgt fhir%] Work Group Standards Status : Informative The base FHIR specification is used across the world in many different contexts, with a great variety of use cases. There are many existing restrictions from common practice and regulation that constrain the agreements that the specification represents. In particular there are large amounts of existing data in legacy record stores that need to be represented and exchanged using FHIR resources. The requirements analysis that occurs during the design of the FHIR process often leads to a clear understanding of how information should be represented, but also can make clear that for a variety of reasons, such best practices cannot be imposed as standards requirements in all contexts. However, it is useful for the FHIR standard to be able to document what are known best practices. Committees can document best practice by one of two different ways: defining invariants and marking them as best practice rules adding narrative that defines best practices When using the FHIR validator , implementers are able to ask for best practice rules to be enforced if they wish. This page indexes the best practices documented in this specification: [%file newfooter%]
376	clinicalreasoning-topics-supporting-documentation	source/clinicalreasoning-topics-supporting-documentation.html	"[%settitle Clinical Reasoning%] [%file newheader%] [%file newnavbar%] Responsible Owner: Work Group [%wgt cds%] Standards Status : Normative Supporting Documentation There are many kinds of supporting documentation that can be provided with clinical quality improvement artifacts, from detailed documentation, to references to the guidelines from which artifacts are derived, to grades and scores indicating quality of evidence or the strength of a recommendation. The relatedArtifact element present on the Clinical Reasoning Module artifacts allows supporting documentation to be provided, either in the form of a reference to a resource, such as a DocumentReference, or as a reference to external content as an Attachment. This same mechanism can be used to attach supporting documentation to the action elements of a PlanDefinition, allowing supporting documentation for specific steps in a rule or protocol, as well as to the action elements of a RequestOrchestration to provide supporting documentation for individual recommendations as part of the result of a decision support evaluation. <documentation> <type value=""justification""/> <document> <extension url=""http://hl7.org/fhir/StructureDefinition/cqf-qualityOfEvidence""> <valueCodeableConcept> <coding> <system value=""http://terminology.hl7.org/CodeSystem/evidence-quality""/> <code value=""high""/> </coding> <text value=""High Quality""/> </valueCodeableConcept> </extension> <contentType value=""text/html""/> <url value=""http://psychiatryonline.org/pb/assets/raw/sitewide/practice_guidelines/guidelines/mdd.pdf""/> <title value=""Practice Guideline for the Treatment of Patients with Major Depressive Disorder""/> </document> </documentation> In all these cases, the cqf-qualityOfEvidence and cqf-strengthOfRecommendation extensions can be used to grade the information being provided. For example, the qualityOfEvidence extension can be attached to a DocumentReference to indicate a rating for the quality of the evidence represented in the document. Similarly, a strengthOfRecommendation extension can be attached to the action element of a RequestOrchestration to indicate the strength of the recommendation being made. These extensions are bound to example valuesets based on the GRADE rating systems for quality of evidence and strength of recommendation. Other rating systems could be used by defining the appropriate valuesets and profiles to make use of them. For more information on how these extensions can be used to provide rationale and supporting documentation for guideline recommendations, see the Clinical Practice Guideline implementation guide. For more information on how to link evidence to provide supporting documentation, refer to the Evidence-based Medicine on FHIR implementation guide. [%file newfooter%]"
13	clinicalreasoning-topics-template	source/clinicalreasoning-topics-template.html	[%settitle Clinical Reasoning%] [%file newheader%] [%file newnavbar%] Overview Lorem ipsom dolor [%file newfooter%]
329	comparison-other	source/comparison-other.html	[%settitle Relationship between FHIR and Misc. HL7 Standards%] [%file newheader%] [%file newnavbar%] [%cmpheader misc%] Other HL7 Standards Responsible Owner: [%wgt fhir%] Work Group Standards Status : Informative HL7 has produced a number of other standards that don't overlap with FHIR as closely as those listed above, primarily because they aren't focused solely on information exchange. However, they deserve a brief mention: EHR Functional Model (EHR-FM) This specification defines a number of functional behaviors for Electronic Health Record systems. FHIR is a healthcare information exchange standard that can be used to satisfy some of these functional behaviors. Details on how FHIR fits into the EHR-FM can be found here Context Management (FHIRCast) FHIRcast synchronizes healthcare applications in real time to show the same clinical content to a common user. For example, a radiologist often works in three disparate applications at the same time (a radiology information system, a PACS and a dictation system), she wants each of these three systems to display the same study or patient at the same time. Note that HL7 had an earlier specification called CCOW (Clinical Context Object Workgroup) that allowed for independent systems to synchronize context on a single workstation, but this has been retired and replaced by FHIRcast. Arden Syntax Arden Syntax is a language for defining decision support rules. These rules reference data elements that are used as part of the decision making process. However, the specification does not define how these data elements are identified. FHIR element and extension identifiers would provide one mechanism for identifying the relevant data elements. Virtual Medical Record The Virtual Medical Record is a draft specification under development by HL7 that also serves the decision support space. It defines a logical medical record that decision support rules can be constructed against. At present, this model is a custom model created specifically for VMR. However, the Decision Support work group is evaluating the possibility of using FHIR as a structure for future versions of the specification. [%file newfooter%]
457	comparison	source/comparison.html	[%settitle Relationship between FHIR and other HL7 Standards%] [%file newheader%] [%file newnavbar%] [%cmpheader%] Appendix: The Relationship between FHIR and other HL7 Standards Responsible Owner: [%wgt fhir%] Work Group Standards Status : Informative Health Level Seven (HL7) has been developing healthcare information exchange and related standards since 1987. In that time, the organization has produced a number of standards families - many used throughout the world to automate healthcare data sharing and improve patient care. FHIR has been written to be implementable without any knowledge of these other specifications. However, FHIR does leverage this prior experience, both in terms of applying best practices learned from experience and attempting to avoid some of the pitfalls of earlier work. This appendix describes the relationship of FHIR to some of HL7's other standard families. It may be of interest to those coming to FHIR with previous experience with other HL7 standards as well as those who may need to support interoperability between FHIR solutions and implementations of other HL7 standards. In this appendix: HL7 V2 v3 (RIM / messaging) CDA & CCDA etc. Other HL7 standards Notes: In addition to the major standards families identified below, HL7 produces numerous implementation guides, some of which have earned as much prominence as a standard family themselves. The general guidance given below for each standard family should hold for all implementation guides based on that standard. For example, the guidance listed for CDA would apply to Consolidated CDA (CCDA) and other CDA Implementation Guides. While this appendix focuses on the relationship between FHIR and other HL7 standards, relationships also exist to non-HL7 standards. Some resources provide direct implementation of functionality from other standards including DICOM (see the ImagingStudy resource) and IHE (e.g., the AuditEvent and DocumentReference resources). Many FHIR resources draw requirements from or provide mappings to other standards. Some resources also provide additional guidance on how to use them with external specifications as part of their implementation notes. As well, there are chat.fhir.org streams exist dealing with CDA and FHIR and v2 and FHIR . You can check the stream list or ask on the implementer's stream for guidance about FHIR and other specifications FHIR can satisfy the needs covered by all of the previous primary HL7 interoperability standards ( HL7 V2 , HL7 v3 and CDA). In many cases, it also provides additional benefits in terms of ease of interoperability. Therefore, the possibility exists that FHIR could gradually replace some or all of these standards. However, it is unclear how rapidly (or even if) the market will make such a migration. It is likely that most of these standards will exist in parallel for quite some time. HL7 has committed to ongoing maintenance of existing standards for as long as the HL7 membership requires. [%file newfooter%]
254	datatypes-definitions	source/datatypes-definitions.html	﻿ [%settitle Datatype Detailed Descriptions%] [%file newheader%] [%file newnavbar%] Datatype Detailed Descriptions Responsible Owner: [%wgt fhir%] Work Group Standards Status : Normative This page provides the detailed descriptions for the datatypes Datatypes Index Primitive Types [%diagram datatypes/allprimitivetypes.diagram 1dt%] General-Purpose Datatypes [%diagram datatypes/alltypes.diagram 2dt%] Metadata Types [%diagram datatypes/metadatatypes.diagram 3dt%] Special Purpose Datatypes [%diagram datatypes/specialtypes.diagram 4dt%] Primitive Types See also Base Definition , Examples , Mappings , Profiles and Extensions todo Attachment See also Base Definition , Examples , Mappings , Profiles and Extensions Identifier See also Base Definition , Examples , Mappings , Profiles and Extensions Coding See also Base Definition , Examples , Mappings , Profiles and Extensions CodeableConcept See also Base Definition , Examples , Mappings , Profiles and Extensions Quantity See also Base Definition , Examples , Mappings , Profiles and Extensions Money See also Base Definition , Examples , Mappings , Profiles and Extensions Range See also Base Definition , Examples , Mappings , Profiles and Extensions Ratio See also Base Definition , Examples , Mappings , Profiles and Extensions RatioRange See also Base Definition , Examples , Mappings , Profiles and Extensions Period See also Base Definition , Examples , Mappings , Profiles and Extensions SampledData See also Base Definition , Examples , Mappings , Profiles and Extensions HumanName See also Base Definition , Examples , Mappings , Profiles and Extensions Address See also Base Definition , Examples , Mappings , Profiles and Extensions ContactPoint See also Base Definition , Examples , Mappings , Profiles and Extensions Timing See also Base Definition , Examples , Mappings , Profiles and Extensions RelativeTime See also Base Definition , Examples , Mappings , Profiles and Extensions Signature See also Base Definition , Examples , Mappings , Profiles and Extensions Annotation See also Base Definition , Examples , Mappings , Profiles and Extensions [%file newfooter%]
250	diff	source/diff.html	[%settitle Differences from Release 4/5%] [%file newheader%] [%file newnavbar%] Differences from Release 4/5 Responsible Owner: [%wgt fhir%] Work Group Standards Status : Informative This page has only partially been updated for R6 at this time; this will be addressed prior to the next ballot. None of the content here is worth commenting on for ballot purposes (as content is likely to change before the next ballot). This is an automatically generated list of all the structural differences between FHIR R4, R4B, R5 and this version. The following possible changes are checked when preparing this list (and others throughout the specification): Addition or deletion of elements, or name change to elements Changes to minimum and maximum cardinality Changes to allowed types Changes to bindings for Extensible/Required bindings, and changes to codes if it's a required binding on a code element Changes to the is-modifier status of an element Changes to the default value for an element (default values were removed after Release 4, but changes are noted for Release 4 to Release 5) This analysis only considers changes to datatypes and resources. Comparison of profiles and value sets will be added in a future version. See also the version transforms and the note about version specific extensions . This analysis is available for R5 as XML or JSON or for R4 as XML or JSON or for R4B as XML or JSON Differences between R5 and R6 Differences between R4B and R6 Differences between R4 and R6 [%diff-analysis *%] [%file newfooter%]
321	documentation	source/documentation.html	[%settitle Documentation Index%] [%file newheader%] [%file newnavbar%] Documentation Index Responsible Owner: FHIR Infrastructure Work Group Standards Status : Informative This page provides an index to the key commonly used background documentation pages for FHIR. Also, see the list of resources defined by FHIR. Framework Conformance Rules References between Resources Compartments Narrative Extensibility FHIR NPM Packages FHIRPath , Patch , & X-FHIR-Query Terminologies Code Systems I Value Sets I Terminology Service Mappings to other standards I Resource Life Cycles I Version Management Change Management & Versioning Managing Multiple FHIR Versions I Version History I Differences to Release 4 I Transforms between Release 4 and Release 5 I Background I Overviews: General , Developers , Clinical , Architects 1 page Summary ( Glossy ) Glossary ( Multi-Language ) License and Legal Terms Community & Credits Appendix: Coming Challenges for Healthcare ANSI Documentation I HL7, ANSI and the FHIR Standard Exchanging Resources ( how to choose I ) RESTful API (HTTP) Search ( Search Param Registry I ) Operations Using GraphQL Operations for Large Resources I Asynchronous Use I Documents Messaging Subscriptions Framework Services I Persistence/Data bases I Resource Definitions: Resource Formats: UML Definition XML Format JSON Format ND-JSON Format RDF Definition Datatypes Metadata Types ElementDefinition Dosage MarketingStatus ProductShelfLife Type Framework Resource DomainResource CanonicalResource MetadataResource Adopting & Using FHIR Profiling FHIR Implementation Obligations Mapping Language ( tutorial I ) FHIR Workflow I Downloads - Schemas, Code, Tools I Managing Multiple FHIR Versions I Validating Resources I Logical models I Best Practices for Implementers I Testing Implementations I Safety & Security Security , Security Labels & Signatures Clinical Safety I Implementation Advice I Managing Resource Identity Guide to Resources Multi-language support Variations between Submitted data and Retrieved data Push vs Pull Integrated Examples Common Use Cases Relationship to Other Standards I v2 Messaging v3 Messaging CDA (see also CDA on FHIR ) Other Specifications Note: the I symbol indicates that the section or the target of the link contains only informative content - that is, documentation that doesn't make rules about what Implementations SHALL or SHOULD do. [%file newfooter%]
35	dosage-definitions	source/dosage-definitions.html	[%settitle Dosage Detailed Descriptions%] [%file newheader%] [%file newnavbar%] DosageDetails Detailed Descriptions Responsible Owner: [%wgt phx%] Work Group Standards Status : Normative DosageDetails Dosage Detailed Descriptions Dosage DosageSafety Detailed Descriptions DosageSafety Dosage Detailed Descriptions DosageCondition [%file newfooter%]
35	dosage-mappings	source/dosage-mappings.html	﻿ [%settitle Dosage Mappings%] [%file newheader%] [%file newnavbar%] Dosage Mappings Responsible Owner: [%wgt phx%] Work Group Standards Status : Informative This page provides mappings for Dosage (see Mappings to Other Standards for further information & status). [%file newfooter%]
24	elementdefinition-definitions	source/elementdefinition-definitions.html	[%settitle ElementDefinition Detailed Descriptions%] [%file newheader%] [%file newnavbar%] Element Definition Detailed Descriptions Responsible Owner: [%wgt fhir%] Work Group Standards Status : Normative ElementDefinition [%file newfooter%]
370	elementdefinition-mappings	source/elementdefinition-mappings.html	"[%settitle Element Definition Mappings%] [%file newheader%] [%file newnavbar%] Element Definition Mappings Responsible Owner: [%wgt fhir%] Work Group Standards Status : Informative This page provides mappings for Element Definition (see Mappings to Other Standards for further information & status). Many other standard frameworks define frameworks for defining ""data elements"". These overlap to some degree with the ElementDefinition type. This page provides general mappings between ElementDefinition and the other frameworks. One important consideration with regard to other Element definition frameworks is the scope of the definition. Many of these definition frameworks use the term ""Data Element"" to refer to a data item that is collected and stored with provenance, such as when it was collected, who recorded it, etc. In this specification, that's an Observation , and the definition of this kind of data element is an ObservationDefinition , or a StructureDefinition that contains several different atomic data items. An ElementDefinition in this specification is a narrower notion, solely around the characteristics of a single element, its definition, and its value domain . Other frameworks - especially ISO 11179 - are used in both ways, sometimes with no formal differentiation between them. For this reason, the mappings on this page are very provisional, and are provided with the intent of helping implementers understand the possible relationships. On this page: v2 Mappings to the V2 segment OM1 which is used to define observations (i.e., also related to ObservationDefinition ) RIM Mappings to the RIM class Observation in definition mood which is used to define observations (i.e., also related to ObservationDefinition ) IHE DEX Mappings IHE Data Element Exchange, which is closer to defining atomic data elements - still very incomplete LOINC Mappings to the LOINC master table which defines observations - this may be relevant when the element describes an observable piece of data. This is particularly relevant in profiles of observation, and also related to ObservationDefinition ISO 11179 Mappings to ISO 11179 which details how the ElementDefinition class relates to the ISO 11179 framework. Note that the principle differences are that FHIR does not differentiate between a Data Element and a Data Element Value, and the FHIR specification is heavily type dependent. Also, the FHIR specification includes constraints and other concerns that are outside the scope of ISO 11179 [%file newfooter%]"
22	extensibility-definitions	source/extensibility-definitions.html	[%settitle Extensibility - Detailed Descriptions%] [%file newheader%] [%file newnavbar%] Extension - Detailed Descriptions Responsible Owner: [%wgt fhir%] Work Group Standards Status : Normative [%file newfooter%]
23	fmg	source/fmg.html	[%settitle FMG Page%] [%file newheader%] [%file newnavbar%] FMG Summary Page Responsible Owner: [%wgt fhir%] Work Group Standards Status : Informative FMG Approvals [%file newfooter%]
356	foundation-module	source/foundation-module.html	[%settitle Foundation Module%] [%file newheader%] [%file newnavbar%] Responsible Owner: Work Group [%wgt fhir%] Standards Status : Informative Foundation Module The Foundation Module is responsible for the overall infrastructure of the FHIR specification. Every implementer works with the content in the foundation module whichever way they use FHIR. The Foundation Module maintains most of the basic documentation for the FHIR specification. In addition, the Foundation Module includes the following resources: Foundation Framework Resource DomainResource Basic Binary Bundle Content Management Resources. Questionnaire QuestionnaireResponse List Composition DocumentReference Data Exchange Resources. OperationOutcome Parameters Subscription SubscriptionStatus SubscriptionTopic MessageHeader Relationships with other modules All the other modules depend on the foundation module The Exchange module builds on the foundation model by defining the recognized methods for exchange of resources The Terminology module provides the formal basis for using Concepts defined in Code Systems in the definitions The Conformance module provides the basis for extending the foundation for national and local use The Security & Privacy provides the linking framework to external standards for security and privacy The Implementation Support module builds on the foundation to provide testing and reference implementations Developmental Roadmap Several components of the foundation module have now reached normative status. The focus over the next 18-24 months as the 6th release of FHIR is prepared is to focus on some of the non-normative elements and move them towards normative status, such as Questionnaire, List, DocumentReference and Subscription. Exactly which resources will be candidates for normative release will be driven, in part, by the degree of implementation - and whether that implementation is communicated back to HL7. These resources are stable, normative, and widely used. No additional scope or features have been proposed: Resource DomainResource Binary Bundle Parameters OperationOutcome These resources have been widely used, and are considered stable, but some new features are still in trial: Questionnaire QuestionnaireResponse List DocumentReference (note that here have been significant redesigns in this version). These resources have been used, and the use led to a significant redesign that is undergoing trial use: Subscription : SubscriptionStatus : SubscriptionTopic : These resources have not been widely used: Basic (note that no additional requirements have been identified since R2) MessageHeader [%file newfooter%]
485	genomics	source/genomics.html	[%settitle Messaging using FHIR Resources%] [%file newheader%] [%file newnavbar%] Genomics in FHIR Responsible Owner: [%wgt cg%] Work Group Standards Status : Normative The era of precision medicine-- an emerging approach for disease treatment and prevention that takes into account individual variability in genes, environment, and lifestyle for each person-- is upon us. Precision medicine is fueled by the amazing technological advancements in genomics, making it possible (and feasible) to undertake broad genetic testing on an individual in a clinically useful timeframe. Whereas not so long ago genomics was primarily of concern to bioinformaticists interacting with such artifacts as alignment (e.g., BAM, CRAM) and variant calling (e.g., VCF) data files, we are now seeing tremendous interest across the clinical community for integrating genomics findings and recommendations into the EHR and into the care process. To that end, the HL7 Clinical Genomics Work Group is developing a set of standards for reporting structured genomic data using FHIR. An individual's genetic data set is large and complex, and therefore requires systems that can manage the size and make sense of the complexity. Unfortunately, due to a lack of widely adopted standards, these systems are often incompatible. A standards-based approach to data exchange that could be adopted to integrate both genetic data and clinical information systems will be crucial to accelerating the integration of precision medicine and to make sense of genetic testing results in a complete clinical context. The Clinical Genomics Work Group supports the HL7 mission to create and promote its standards by enabling the semantically meaningful exchange of data between parties interested in clinical, personal, and population genomic information and family health history, which are required to support precision medicine. The committee's work products include: Genomics Reporting Implementation Guide: Standardizes the reporting of genomic variants, haplotypes, genotypes, variant annotations, and more. MolecularDefinition Resource: The MolecularDefinition resource represents molecular entities (e.g., nucleotide or protein sequences) for both clinical and non-clinical use cases, including translational research. The resource is definitional, in that it focuses on discrete, computable, and semantically expressive data structures that reflect the genomic domain. Because the resource focuses on the molecular entities rather than specimen source or annotated knowledge, it supports both patient/participant-specific use cases and population-based data, and both human and non-human data. Molecular Definition Implementation Guide for Molecular Data Types is an emerging product that includes profiles for structured representation of the fundamental concepts such as Sequence , Allele , and Variation , Haplotype , and Genotype . This guide is work in progress and will evolve to represent additional concepts. GenomicStudy Resource: A resource that aims at delineating relevant information of a genomic study. A genomic study might comprise one or more analyses, each serving a specific purpose. These analyses may vary in method (e.g., karyotyping, CNV, or SNV detection), performer, software, devices used, or regions targeted. Uses of these FHIR artifacts and other genomic use cases can be found here [%file newfooter%]
214	glossary	source/glossary.html	[%settitle Language Glossary%] [%file newheader%] [%file newnavbar%] Language Glossary Responsible Owner: [%wgt fhir%] Work Group Standards Status : Informative This page lists a set of words and acronyms that this specification uses in a particular way that might not be inherently obvious from their english definition. These words often present a challenge when describing/documenting FHIR in a language other than english. These pages contains suggested alternatives for these words in some languages where implementers have asked for such support. In addition, there's multiple language information in To add additional languages to this page, ask on chat.fhir.org English Portuguese FHIR = Fast Healthcare Interoperability Resources Accept Aceitar Authentication Autenticação Authorization Autorização Client Cliente Conformance Conformidade Connectathon Connectathon Content-Type Tipo de Conteúdo Create Criar Delete Remover Documents Documentos Extensibility Extensibilidade History Histórico Implementers Implementadores Interface Interface Interoperability Interoperabilidade JSON JSON Messages Mensagens Metadata Metadados Ontology Ontologia Operation Operação Profile Perfil RESTful API RESTful API Read Ler Request Pedido Resource Recurso Resource Instance Instância do recurso Resource Type Tipo de Recurso Response Resposta Search Pesquisa Server Servidor Specification Especificação Standard Standard Transaction Transação URL URL Update Actualizar Version Versão XHTML XHTML XML XML Note that the following terminology resources include multiple language displays: [%multi-language-resources%] [%file newfooter%]
306	identifier-registry	source/identifier-registry.html	[%settitle Defined Systems%] [%file newheader%] [%file newnavbar%] Known Identifier Systems Responsible Owner: [%wgt vocab%] Work Group Standards Status : Informative Identifier systems are URIs that may be used in the system element of the Identifier datatype. In the past, this page included a list of registered URIs approved for use. However, this content has been migrated to a location that can be maintained more actively. HL7 Terminology ( http://terminology.hl7.org ) provides a registry of Identifier systems which are actively curated by HL7 International. If a URI is defined in HL7 Terminology, it SHOULD be used in preference to any other Identifier.system. If the URI was defined in HL7 Terminology prior to an official release of the FHIR core specification, those URIs SHALL be used in preference to any other Identifier.system. i.e., all system URIs defined on terminology.hl7.org prior to the release of FHIR R5 SHALL be used in systems claiming conformance to FHIR R5. Many identifier systems are 'local', for example the identifiers used for employee numbers, local medical record numbers, local order and encounter numbers, etc. The system URIs for such identifiers are generally determined and managed by the issuing system. However, 'shared' identifiers that are used across a wide variety of systems, such as license numbers, government-assigned identifiers, etc. need to have consistent URIs. In most cases, the assigners of these identifiers will not have published an official URI. If an identifier system for a 'shared' identifier is not listed in HL7 Terminology, implementers SHOULD (and HL7 international published specifications SHALL ) follow the process for determining Identifier.system URIs defined by the HL7 Terminology Services Management Group (TSMG) , as documented in the Terminology Expectations in FHIR policy. See also the list of known coding systems that can be used in the system element of the Coding datatype. [%file newfooter%]
417	implsupport-module	source/implsupport-module.html	[%settitle Implementation Support Module%] [%file newheader%] [%file newnavbar%] Responsible Owner: Work Group [%wgt fhir%] & [%wgt aid%] Standards Status : Informative Implementation Support Module Introduction This section provides information which will be useful for FHIR implementers, including information about available libraries, tools, and other similar resources, as well as where to seek help. Index In addition to the content below, a number of implementation resources can be found on the Downloads Page . This module also contains some specific documentation that relates to issues commonly encountered by developers: Requirements and ActorDefinition Validating Resources Common Usages ExampleScenario Mapping Language ( Tutorial & StructureMap ) FHIRPath Clinical Safety Considerations Managing Resource Identity Interaction Patterns Update Rules Clinical Examples How FHIR fits into an EHR Version Management Policy Comparisons: v2 & v3 Messaging CDA + CDA on FHIR Other Specifications In addition to the content of this module, HL7 is actively working on Additional resources that support testing FHIR Implementations in the Testing FHIR IG . Security and Privacy For more general considerations, see the Security and Privacy module . Common Use Cases For Client Developers and Testers: Reference Servers The HL7 Confluence has a list of public test servers that have been created by the FHIR community and made available to help implementers test their code. While the reference servers are not considered to be a normative part of the FHIR specification, the maintainers make every effort to ensure that they are fully compliant. For Developers: Reference Implementations (Libraries) The HL7 Confluence has a list of open source FHIR implementations . These libraries may be used by developers to quickly add FHIR capabilities to their applications. For Profilers A number of tools are available to profilers wishing to create profiles for use in their implementations. A current list of tools can be found here on HL7 Confluence. (See the conformance module for information on profiling.) For Testers A number of tools are available to solution testers who want to test FHIR implementations for conformance to the FHIR specification. A current list of such tools can be found here . Getting Help The following are a few ways that implementers can seek help as they work with FHIR: FHIR Chat Channel / Zulip (maintained by the FHIR Foundation) FHIR Community Forum (maintained by the FHIR Foundation) StackOverflow (General tech community, use the tag hl7_fhir ) HL7's FHIR Documentation Developmental Roadmap Most of the implementer support work has moved away from the specification, and little further work is planned here. Implementers can connect to the very active community using the links above. [%file newfooter%]
180	index	source/index.html	[%settitle FHIR Specification Home Page%] [%file newheader%] [%file newnavbar%] Welcome to FHIR® FHIR is a standard for health care data exchange, published by HL7®. [%ballot-note index%] This publication is the first full ballot of R6 (Release 6). Details on the scope of the ballot and how to participate in voting can be found here . [%end-note%] First time here? READ THIS FIRST! Then see the executive summary , the developer's introduction , clinical introduction , patient introduction , or architect's introduction , and then the FHIR overview & how FHIR versions work . See also the open license (CC0) (and don't miss the full Table of Contents and the Community Credits or you can search this specification ). [%file modules-fragment%] External Links: Implementation Guides Specifications based on the FHIR standard Curated list of Implementation Guides All publicly available FHIR specification artifacts Index of all Implementation Guides FHIR Community Enabling health interoperability through FHIR FHIR Community Discussions FHIR Confluence (working & internal documentation) HL7 Face to Face Events Weekly Virtual meetings Implementation Links Useful support for FHIR Implementers Registry of Software Implementations Public Test Servers Useful Tools for Implementers [%file newfooter%]
108	mappings	source/mappings.html	[%settitle Mappings to other standards%] [%file newheader%] [%file newnavbar%] Mappings to Other Standards Responsible Owner: [%wgt fhir%] Work Group Standards Status : Informative For many of the resources and other content defined in this specification, mappings are provided to other standards. These mappings are informative and are provided to help implementers of this specification understand the content and use it correctly. Due to wide variation in the implementation of standards in healthcare, none of the mappings are authoritative or normative, and implementers always have to check local usage before using these mappings in production. This table summarizes the mappings that may be provided through the specification: [%mappings-table%] [%file newfooter%]
23	marketingstatus-definitions	source/marketingstatus-definitions.html	[%settitle MarketingStatus Detailed Descriptions%] [%file newheader%] [%file newnavbar%] MarketingStatus Detailed Descriptions Responsible Owner: [%wgt phx%] Work Group Standards Status : Normative MarketingStatus [%file newfooter%]
27	marketingstatus-examples	source/marketingstatus-examples.html	[%settitle MarketingStatus Examples%] [%file newheader%] [%file newnavbar%] MarketingStatus Examples Responsible Owner: [%wgt phx%] Work Group Standards Status : Informative See MedicinalProductPackaged examples for examples using MarketingStatus. [%file newfooter%]
35	marketingstatus-mappings	source/marketingstatus-mappings.html	[%settitle MarketingStatus Mappings%] [%file newheader%] [%file newnavbar%] MarketingStatus Mappings Responsible Owner: [%wgt phx%] Work Group Standards Status : Informative This page provides mappings for MarketingStatus (see Mappings to Other Standards for further information & status). [%file newfooter%]
108	marketingstatus	source/marketingstatus.html	[%settitle MarketingStatus%] [%file newheader%] [%file newnavbar%] MarketingStatus Responsible Owner: [%wgt phx%] Work Group Standards Status : Normative Types Framework Cross Reference: Base Types | Datatypes | Resources | Patterns The MarketingStatus structure allows specifying that an item or product is on the market for sale, or that it is not available, and the dates associated. This refers to a marketing choice rather than having permission, and so is a different concept to it being approved, cleared or licenced to be on sale (for which see RegulatedAuthorization ). Note: the MarketingStatus structure allows modifier extensions . Content [%dt MarketingStatus 1%] Constraints [%dt.constraints MarketingStatus%] MarketingStatus is used in the following places: [%dtusage MarketingStatus%] [%file newfooter%]
151	metadatatypes-definitions	source/metadatatypes-definitions.html	﻿ [%settitle Datatype Detailed Descriptions%] [%file newheader%] [%file newnavbar%] Metadata Types - Detailed Descriptions Responsible Owner: [%wgt fhir%] Work Group Standards Status : Normative Table of Contents ContactDetail DataRequirement ParameterDefinition RelatedArtifact TriggerDefinition Expression UsageContext ExtendedContactDetail VirtualServiceDetail Availability MonetaryComponent ContactDetail See also Base Definition , Examples , Mappings , Profiles and Extensions [%StandardsStatus normative DataType infrastructure%] DataRequirement See also Base Definition , Examples , Mappings , Profiles and Extensions ParameterDefinition See also Base Definition , Examples , Mappings , Profiles and Extensions RelatedArtifact See also Base Definition , Examples , Mappings , Profiles and Extensions TriggerDefinition See also Base Definition , Examples , Mappings , Profiles and Extensions Expression See also Base Definition , Examples , Mappings , Profiles and Extensions UsageContext See also Base Definition , Examples , Mappings , Profiles and Extensions ExtendedContactDetail See also Base Definition , Examples , Mappings , Profiles and Extensions VirtualServiceDetail See also Base Definition , Examples , Mappings , Profiles and Extensions Availability See also Base Definition , Examples , Mappings , Profiles and Extensions MonetaryComponent See also Base Definition , Examples , Mappings , Profiles and Extensions [%file newfooter%]
484	metadatatypes-examples	source/metadatatypes-examples.html	﻿ [%settitle Datatype Examples%] [%file newheader%] [%file newnavbar%] MetaDatatypes - Examples Responsible Owner: [%wgt fhir%] Work Group Standards Status : Informative Table of Contents ContactDetail DataRequirement ParameterDefinition RelatedArtifact TriggerDefinition Expression UsageContext ExtendedContactDetail VirtualServiceDetail Availability MonetaryComponent ContactDetail See also Base Definition , Detailed Descriptions , Mappings , Profiles and Extensions For ContactDetail examples, see the examples in Library , Measure , and PlanDefinition . DataRequirement See also Base Definition , Detailed Descriptions , Mappings , Profiles and Extensions The following resource examples contain DataRequirements: Example Name id Format Chlamydia Screening Common Library example XML JSON Turtle Exclusive Breastfeeding Intervention Logic library-exclusive-breastfeeding-cds-logic XML JSON Turtle Exclusive Breastfeeding Measurement Logic library-exclusive-breastfeeding-cqm-logic XML JSON Turtle CMS146 Measure Logic library-cms146-example XML JSON Turtle Opioid CDS Recommendation 4 Logic opioidcds-recommendation-04 XML JSON Turtle Opioid CDS Recommendation 5 Logic opioidcds-recommendation-05 XML JSON Turtle Opioid CDS Recommendation 7 Logic opioidcds-recommendation-07 XML JSON Turtle Opioid CDS Recommendation 8 Logic opioidcds-recommendation-08 XML JSON Turtle Opioid CDS Recommendation 10 Logic opioidcds-recommendation-10 XML JSON Turtle Opioid CDS Recommendation 11 Logic opioidcds-recommendation-11 XML JSON Turtle ParameterDefinition See also Base Definition , Detailed Descriptions , Mappings , Profiles and Extensions The following resource examples contain ParameterDefinitions: Example Name id Format Suicide Risk Order Set Logic suiciderisk-orderset-logic XML JSON Turtle RelatedArtifact See also Base Definition , Detailed Descriptions , Mappings , Profiles and Extensions The following resource examples contain RelatedArtifacts: Example Name id Format Chlamydia Screening Common Library example XML JSON Turtle Exclusive Breastfeeding Intervention Logic library-exclusive-breastfeeding-cds-logic XML JSON Turtle Exclusive Breastfeeding Measurement Logic library-exclusive-breastfeeding-cqm-logic XML JSON Turtle CMS146 Measure Logic library-cms146-example XML JSON Turtle Suicide Risk Order Set Logic suiciderisk-orderset-logic XML JSON Turtle Zika Virus Management Library composition-example XML JSON Turtle Predecessor library example library-fhir-helpers-predecessor XML JSON Turtle OMTK Logic omtk-logic XML JSON Turtle Opioid CDS Common Library opioidcds-common XML JSON Turtle Opioid CDS Recommendation 4 Logic opioidcds-recommendation-04 XML JSON Turtle Opioid CDS Recommendation 5 Logic opioidcds-recommendation-05 XML JSON Turtle Opioid CDS Recommendation 7 Logic opioidcds-recommendation-07 XML JSON Turtle Opioid CDS Recommendation 8 Logic opioidcds-recommendation-08 XML JSON Turtle Opioid CDS Recommendation 10 Logic opioidcds-recommendation-10 XML JSON Turtle Opioid CDS Recommendation 11 Logic opioidcds-recommendation-11 XML JSON Turtle HIV Indicators Reporting Example hiv-indicators XML JSON Turtle TriggerDefinition See also Base Definition , Detailed Descriptions , Mappings , Profiles and Extensions For TriggerDefinition examples, see the examples in PlanDefinition . Expression See also Base Definition , Detailed Descriptions , Mappings , Profiles and Extensions For Expression examples, see the examples in PlanDefinition . UsageContext See also Base Definition , Detailed Descriptions , Mappings , Profiles and Extensions For UsageContext examples, see the examples in Library , Measure , and PlanDefinition . ExtendedContactDetail See also Base Definition , Detailed Descriptions , Mappings , Profiles and Extensions For ExtendedContactDetail examples, see the examples in Organization , Location , and PractitionerRole . VirtualServiceDetail See also Base Definition , Detailed Descriptions , Mappings , Profiles and Extensions Availability See also Base Definition , Detailed Descriptions , Mappings , Profiles and Extensions MonetaryComponent See also Base Definition , Detailed Descriptions , Mappings , Profiles and Extensions [%file newfooter%]
184	metadatatypes-mappings	source/metadatatypes-mappings.html	﻿ [%settitle Datatype Mappings%] [%file newheader%] [%file newnavbar%] Metadata Types - Mappings Responsible Owner: [%wgt fhir%] Work Group Standards Status : Informative This page provides mappings for the datatypes. There are mappings to HL7 V2 , HL7 v3 , and (where appropriate) vCard (see Mappings to Other Standards for further information & status). Table of Contents ContactDetail DataRequirement ParameterDefinition RelatedArtifact TriggerDefinition Expression UsageContext ExtendedContactDetail VirtualServiceDetail Availability MonetaryComponent ContactDetail See also Base Definition , Examples , Detailed Descriptions , Profiles and Extensions DataRequirement See also Base Definition , Examples , Detailed Descriptions , Profiles and Extensions ParameterDefinition See also Base Definition , Examples , Detailed Descriptions , Profiles and Extensions RelatedArtifact See also Base Definition , Examples , Detailed Descriptions , Profiles and Extensions TriggerDefinition See also Base Definition , Examples , Detailed Descriptions , Profiles and Extensions Expression See also Base Definition , Examples , Detailed Descriptions , Profiles and Extensions UsageContext See also Base Definition , Examples , Detailed Descriptions , Profiles and Extensions ExtendedContactDetail See also Base Definition , Examples , Detailed Descriptions , Profiles and Extensions VirtualServiceDetail See also Base Definition , Examples , Detailed Descriptions , Profiles and Extensions Availability See also Base Definition , Examples , Detailed Descriptions , Profiles and Extensions MonetaryComponent See also Base Definition , Examples , Detailed Descriptions , Profiles and Extensions [%file newfooter%]
178	modules-fragment	source/modules-fragment.html	Level 1 Basic framework on which the specification is built Foundation Base Documentation , XML , JSON , RDF (Turtle) , Datatypes , Extensions Level 2 Supporting implementation and binding to external specifications Implementer Support Downloads , Version Mgmt , Use Cases Security & Privacy Security , Consent , Provenance , AuditEvent Conformance StructureDefinition , CapabilityStatement , ImplementationGuide , Profiling Terminology CodeSystem , ValueSet , ConceptMap , Terminology Svc Exchange REST API + Search Documents Messaging Services Databases Subscriptions Level 3 Linking to real-world concepts in the healthcare system Administration Patient , Practitioner , CareTeam , Device , Organization , Location , Healthcare Service Level 4 Record-keeping and Data Exchange for the healthcare process Clinical Allergy , Problem , Procedure , CarePlan / Goal , Family History , RiskAssessment , etc. Medications Medication , Request , Dispense , Administration , Statement , Immunization , etc. Workflow Introduction + Task , Appointment , Schedule , ServiceRequest , PlanDefinition , etc. Financial Claim , Account , Invoice , ChargeItem , Coverage + Eligibility Request & Response , ExplanationOfBenefit , etc. Diagnostics Observation , DiagnosticReport , DocumentReference , Specimen , ImagingStudy , etc. Devices Device , DeviceAlert , DeviceDefinition , DeviceMetric , DeviceRequest , etc. Nutrition NutritionOrder , NutritionIntake , NutritionProduct Biological Products BiologicallyDerivedProduct , BiologicallyDerivedProductDispense Level 5 Providing the ability to reason about the healthcare process Clinical Reasoning Library , PlanDefinition & GuidanceResponse , Measure / MeasureReport , etc. Medication Definition Medicinal , Packaged & Administrable product definitions, Regulated Authorization , etc.
174	modules-list	source/modules-list.html	Foundation : The basic definitional infrastructure on which the rest of the specification is built Implementer Support : Services to help implementers make use of the specification Security & Privacy : Documentation and services to create and maintain security, integrity and privacy Conformance : How to test conformance to the specification, and define implementation guides Terminology : Use and support of terminologies and related artifacts Linked Data : Defined methods of exchange for resources Administration : Basic resources for tracking patients, practitioners, organizations, devices, substances, etc. Clinical : Core clinical content such as problems, allergies, and the care process (care plans, referrals) + more Medications : Medication management and immunization tracking Diagnostics : Observations, Diagnostic reports and requests + related content Workflow : Managing the process of care, and technical artifacts to do with obligation management Financial : Billing and Claiming support Clinical Reasoning : Clinical Decision Support and Quality Measures Medication Definition : Detailed medication definitions, for regulatory and drug dictionary use Biologically Derived Product : Resources and functionality used to model biologically derived products Nutrition : Resources and functionality used to model nutrition Device : Resources and functionality used to model devices
492	modules	source/modules.html	"[%settitle Getting Started with FHIR%] [%file newheader%] [%file newnavbar%] Getting Started with FHIR Responsible Owner: [%wgt fhir%] Work Group Standards Status : Informative FHIR is a platform specification that defines a set of capabilities for use across the healthcare process, in all jurisdictions, and in lots of different contexts. While the basics of the FHIR specification are relatively straight-forward (see the Overviews: General , Developers , Clinical , and Architects ), it can still be difficult to know where to start when implementing a solution based on FHIR. This page provides some guidance to help get new implementers started on their path to successful implementation. Beyond reading the overviews (previous paragraph), where should an implementer start? Generally, an implementer needs to resolve: How will information be exchanged? (see Foundation Module ) How are terminologies being used? (see Terminology Module ) How will the information be secured? (see Security and Privacy Module ) When is information exchanged? (see Workflow Module ) What information is going to be exchanged? How the information conforms to the FHIR specification and implementation guides? (see Conformance Module ) The remaining sections provide guidance on specific areas (Foundation, Implementer Support, Security and Privacy, Conformance, Terminology, Administration, Clinical, Diagnostics, Medications, Workflow, Financial and Clinical Reasoning). All implementers should be aware of how versioning works in the FHIR specification. See both: Managing Multiple FHIR Versions Specification Version Management Policy Modules In order to help implementers find their way around the specification and answer these questions, it is organized into a set of ""modules"". Each module represents a different functional area of the specification, and contains: Scope and Index : A description of the content covered by the module, and an index of the important content Use cases : Guidance for common uses of the module, and how to approach them. This is a key resource for implementers familiarizing themselves with the FHIR specification Security / Privacy : The Security and Privacy Module describes how to protect a FHIR server, how to document what permissions a user has granted, and how to keep records about what events have been performed. Roadmap : Where the content covered by the module is in terms of overall progress (see also, for general information: FHIR Timelines ) Broadly, the modules are organized into 3 groups: Infrastructure (Level 1 and Level 2) Content (Level 3 and Level 4) Reasoning (Level 5) [%file modules-fragment%] Dependencies between the modules are mainly downwards, with some horizontal dependencies. Implementers should choose the content modules to engage with based on their requirements, and should only engage with the reasoning module if they need to do clinical decision support, and/or Quality Measures. In addition to the use case based assistance in the modules, these additional documentation pages may be useful: Common Use Cases : Personal Health Record, Document Sharing (XDS) and Decision Support Resource Guide : Further information about the resources and the relationship between them Finally, one important place to look is the registry of implementation guides , to see whether similar (or identical) requirements have been met. [%file newfooter%]"
19	narrative-definitions	source/narrative-definitions.html	[%settitle Resources - Detailed Descriptions%] [%file newheader%] [%file newnavbar%] Responsible Owner: [%wgt fhir%] Work Group Standards Status : Normative [%file newfooter%]
137	nd-json	source/nd-json.html	"[%settitle NDJSON Format%] [%file newheader%] [%file newnavbar%] NDJSON Representation of Resources Responsible Owner: [%wgt its%] Work Group Standards Status : Normative NDJSON ( New line delimited JSON ) is a variant of the NDJSON format that is supported for bulk data transfer. In principle, NDJSON is a simple variation on the JSON format , but where resources are serialized with no whitespace, and separated by a newline pair (characters 13 and 10). Example: { ""resourceType"" : ""[type]"", .... } { ""resourceType"" : ""[type]"", .... } The MIME-type for this format is application/fhir+ndjson . In order to simplify NDJSON processing, each NDJSON document SHALL only contain resources of a single type - every line contains a resource of a particular type. (though note that resources may still contain contained resources of various types). On the RESTful API , the NDJSON format can only be retrieved using the Asynchronous Pattern . [%file newfooter%]"
21	ns	source/ns.html	[%settitle Namespaces%] [%file newheader%] [%file newnavbar%] Namespaces defined by FHIR Responsible Owner: [%wgt fhir%] Work Group Standards Status : Informative [%file newfooter%]
206	op-example-request	source/op-example-request.html	"[%settitle Operation Request Example%] [%file newheader%] [%file newnavbar%] Operation Request Example Responsible Owner: [%wgt fhir%] Work Group Standards Status : Informative POST [base]/ValueSet/$expand HTTP/1.1 Content-Type: application/fhir+xml <!-- This is an example of an operation request for a value set expansion where the value set is submitted on the fly --> <Parameters xmlns=""http://hl7.org/fhir""> <parameter> <name value=""filter""/> <valueString name=""abdo""/> </parameter> <parameter> <name value=""valueset""/> <resource> <ValueSet> <text> <status value=""generated""/> <div xmlns=""http://www.w3.org/1999/xhtml""><!-- Snipped for brevity --></div> </text> <identifier value=""http://hl7.org/fhir/ValueSet/body-site""/> <name value=""SNOMED CT Body Structures""/> <publisher value=""FHIR Project team""/> <telecom> <system value=""url""/> <value value=""http://hl7.org/fhir""/> </telecom> <description value=""This value set includes all the &quot;Clinical finding&quot; SNOMED CT codes (i.e., codes with an is-a relationship with 91723000: Anatomical structure)""/> <status value=""draft""/> <compose> <include><!-- all the descendants of clinical finding, not include itself --> <system value=""http://snomed.info/sct""/> <filter><!-- todo: work this over. what this means is any concepts where they have is-a with 91723000. how should this be done? --> <property value=""concept""/> <op value=""is-a""/> <value value=""91723000""/> </filter> </include> </compose> </ValueSet> </resource> </parameter> </Parameters> [%file newfooter%]"
487	operationslist	source/operationslist.html	"[%settitle Extended Operations on the RESTful API%] [%file newheader%] [%file newnavbar%] Defined RESTful API Operations Responsible Owner: FHIR Infrastructure Work Group Standards Status : Informative The RESTful API defines a set of common interactions (read, update, search, etc.) performed on a repository of typed resources. For further information concerning how operations are defined and invoked, see Extended Operations on the RESTful API . This is a full list of the operations defined by this specification: Notes: The special operations on the meta element also operate on previous versions of a resource (/_history/). They are the only operations that can manipulate versions other than the ""current"" version. Implementation Guides can define additional operations Services Defined by the FHIR specification This specification defines a set of services, which are business level aggregations of Resources and Operations that provide a defined package of functionality that correspond to an identified business need. Note that in addition to the services defined in this specification, many implementation guides define business level services. This table lists the services currently defined: Name Description Links Terminology Service A service that lets healthcare applications make use of codes, code systems, and value sets without having to become experts in the fine details of the code system, value set and concept map resources, and the underlying code systems and terminological principles. The service provides the following functionality: Defining and managing code systems, value sets, and concept maps Code lookup & Validation Value Set Expansion (including for UI data entry support) Value Set Validation Translations between code systems Subsumption testing and other logical analyses Capability statement module Conformance Service A service that provides the underlying services needed to test whether resources conform to the rules defined by the FHIR specification and applicable implementation guides, and to help author implementation guides. The service provides the following functionality: Defining and managing structure definitions, data elements, Capability statements, search parameters, and operation & compartment definitions Resource Validation Comparing and subsetting Capability statements To be developed Knowledge Repository A service that provides basic retrieval and maintenance functionality for clinical knowledge artifacts. The service provides the following functionality: Defining and managing plan and activity definitions (e.g., order sets, protocols, decision support rules, documentation templates, etc.), libraries, and measures Search and retrieval of knowledge artifacts Data requirements analysis of knowledge artifacts Capability statement module Measure Processor A service that provides measure evaluation functionality. The service provides the following functionality: Searching and retrieval of measure definitions Evaluation of measures for patients and populations Data requirements analysis of measure definitions Capability statement module Possible candidate Business Services for future versions: Conversion Service (using mapping language, and also iso-semantic transforms in a resource) Questionnaire related functionality (though see SDC) Patient Registration & Reconciliation service (per IXS) Medication Management service (home specific variant?) Clinical Data Repository Clinical Task Manager Communications Manager Other? Note that there is already past & current work on some of these in HL7 (though not necessarily FHIR specific). [%file newfooter%]"
13	page	source/page.html	[%settitle Page%] [%file newheader%] [%file newnavbar%] FHIR QA Report [%file newfooter%] blank page
339	patterns	source/patterns.html	[%settitle Patterns%] [%file newheader%] [%file newnavbar%] Patterns Index Responsible Owner: FHIR Infrastructure Work Group Standards Status : Informative Types Framework Cross Reference: Base Types | Datatypes | Resources | Patterns This specification defines Resources as the primary means for exchange for data. In addition, this specification defines a number of patterns to assist implementers to better understand the relationships between the resources, and also to support the use of abstractions of the resources when implementing common tasks. There are two different types of patterns: Design Patterns : General patterns that resources may follow to some degree, depending on the requirements of the domain that they represent Interface Patterns : Specific patterns that are intended to be used as operation abstractions for the resources that follow (=implement) them Design Patterns These patterns provide general guidelines around the design of the resources that follow them. The resources that follow these patterns indicate how they follow the pattern by mapping elements in the resource to the pattern. In general, resources may: have a matching element, or not (or define an extension for the element) split different possible values between different elements use different types, or codes that have different values have different cardinalities, based on domain analysis The following Design Patterns are defined: FiveWs (Attribution) : Event : Request : Definition : Interface Patterns These patterns are intended to provide abstractions for the resources that follow them, for use by implementers. The resources that follow these patterns indicate how they follow the pattern by mapping elements in the resource to the pattern. These patterns are followed more closely, and resources may: use a different name for the element allow for a higher cardinality that the pattern provide a concept map to map between values in the resource and the element values e.g., mapping a set of status codes to an active : boolean use a different type with a defined conversion to the pattern type The following Interface Patterns are defined: Participant : Participant - Contactable : Participant - Living : Pattern Candidates Patterns are a work in progress. This analysis helps identify candidate patterns: [%file newfooter%]
23	productshelflife-definitions	source/productshelflife-definitions.html	[%settitle ProductShelfLife Detailed Descriptions%] [%file newheader%] [%file newnavbar%] ProductShelfLife Detailed Descriptions Responsible Owner: [%wgt phx%] Work Group Standards Status : Normative ProductShelfLife [%file newfooter%]
27	productshelflife-examples	source/productshelflife-examples.html	[%settitle ProductShelfLife Examples%] [%file newheader%] [%file newnavbar%] ProductShelfLife Examples Responsible Owner: [%wgt phx%] Work Group Standards Status : Informative See MedicinalProductPackaged examples for examples using ProductShelfLife. [%file newfooter%]
35	productshelflife-mappings	source/productshelflife-mappings.html	[%settitle ProductShelfLife Mappings%] [%file newheader%] [%file newnavbar%] ProductShelfLife Mappings Responsible Owner: [%wgt phx%] Work Group Standards Status : Informative This page provides mappings for ProductShelfLife (see Mappings to Other Standards for further information & status). [%file newfooter%]
85	productshelflife	source/productshelflife.html	[%settitle ProductShelfLife%] [%file newheader%] [%file newnavbar%] ProductShelfLife Responsible Owner: [%wgt phx%] Work Group Standards Status : Normative The ProductShelfLife structure defines the timing and conditions associated with storing of a product or item. It can be used for shelf life of a packaged product itself, shelf life after transformation where necessary, or after the first opening of a bottle, etc. Note: the ProductShelfLife structure allows modifier extensions . Content [%dt ProductShelfLife 1%] Constraints [%dt.constraints ProductShelfLife%] ProductShelfLife is used in the following places: [%dtusage ProductShelfLife%] [%file newfooter%]
117	profilelist	source/profilelist.html	[%settitle Profiles and extensions defined as part of FHIR%] [%file newheader%] [%file newnavbar%] Profiles defined as part of FHIR Responsible Owner: FHIR Infrastructure Work Group Standards Status : Informative This specification is a common platform standard that must be adapted to particular use cases . Some particular use cases are common or important enough to be described as a part of the specification itself. These are published as groups of Structure Definitions (profiles or extensions), which are often found in implementation guides, along with Value Sets , newly defined search parameters and examples that are all defined with a common purpose. Additional profiles and extensions may be registered on the HL7 FHIR registry at http://registry.fhir.org [%file newfooter%]
457	pushpull	source/pushpull.html	[%settitle Managing Push and Pull%] [%file newheader%] [%file newnavbar%] Responsible Owner: [%wgt fhir%] Work Group Standards Status : Informative Managing Push and Pull The primary focus of FHIR is the exchange of healthcare data between systems. Whenever one system has information that another needs or wants, one question that automatically arises is whether the source system will push the data, or whether the destination system will pull the data. Push As new information becomes available, or whenever is deemed appropriate, the source system sends the information to the destination. It expects the destination system to maintain and index the information on receipt. The source system must trust the destination system to manage access/security appropriately Pull The source system maintains and indexes data. When the destination system wants or needs the information, it must retrieve it from the source system. Either the source or the destination (or both) manages access/security Note that it is possible to mix these modes by adding an interface repository into the mix. For example, to connect a push-based source with a pull-based destination, simply have the source push information to the repository, and the destination can pull data from it as required. If the source is pull-based, the interface repository can query it for new data on a regular basis, and when it finds any, it can pull it into the repository and/or push it to the destination. Which combination of push, pull and interface repositories is appropriate for any given context depends on a host of factors around deployment architecture, network and business topology, security policies, etc. However, it is often constrained by the capabilities of the various systems and the standards used in the exchange. The FHIR specification supports and enables both push and pull: REST : The REST API can be used in either fashion - this is discussed in more depth below Messages : FHIR defines message events for both push and pull Services : Services may be defined to support either model Documents : This question doesn't apply, because documents are bundles that are exchanged using either REST, messages, or services Push and Pull on a RESTful interface Push: The source is a client, and when new data is available, it uses create , update , and transaction to push data to the destination, which is a server Pull: The source is a server, and the destination is a client. When the client wants to use the data, it uses a combination of search and read so the users can find the data they need Push/Pull: The source is a server, and the destination is a client. On a regular basis, the destination queries the server for its history , and replicates the changes in its own copy of the database [%file newfooter%]
19	qa	source/qa.html	[%settitle QA Report%] [%file newheader%] [%file newnavbar%] FHIR QA Report See also the Work Group List Page [%file newfooter%]
413	r2maps	source/r2maps.html	[%settitle Differences from DSTU Release 2%] [%file newheader%] [%file newnavbar%] Responsible Owner: [%wgt fhir%] Work Group Standards Status : Informative Transforms between DSTU 2 and STU 3 In addition to a list of all differences between DSTU 2 and STU 3 , this specification also provides transforms between DSTU and STU 3 for most resources that were in DSTU 2. These transforms are expressed using the FHIR Mapping Language , and both serve as formal documentation of the relationship between the resource structures in R2 and R3, and can also be used to convert between the formats automatically. The following table summarizes the state of the R2:R3 maps for each resource type. Note the following: Transforms are tested using the following method: For each example resource in the R2 release of the FHIR specification that has a transform to R3 apply the transform to R3 validate against the R3 specification apply the reverse transform back to R2 compare the outcome with the original resource - ideally, it should be identical All transforms should execute - that is, they should be able to take any R2 resource, represent the content in R3, and then generate an R2 representation for the same content. Note, though, that in a few cases, the differences between R2 and R3 designs are so significant that not all examples can be successfully transformed at all. For some resources, the differences in design between R2 and R3 are sufficiently great that the R2 examples cannot reproduce the same output after conversion to R3 and then back to R2. For example, the R3 resource may have a different set of status codes with imperfect maps For some resources, the information available in the R2 examples is not enough to generate valid R3 resources, and so the resources generate R3 validation errors. (e.g., R2 resources missing an element that is required in R3) The transform scripts are only tested to the degree that R2 provided example data The Bundle tests include the large distribution files (all valuesets, structure definitions, etc.) and so generate large numbers of validation errors For all these reasons, the maps provided in the specification are not authoritative; they are provided to help implementers who need to convert between the R2 and R3 format, but additional revision may be required in an implementation specific context. The FHIR Wiki tracks ongoing work to provide improved transforms, and other transformation options Resource # Tests % Execute OK % RoundTrip Ok % R3 Valid R3 Error Count [%r2maps-summary%] [%file newfooter%]
409	r3maps	source/r3maps.html	"[%settitle Differences from DSTU Release 3%] [%file newheader%] [%file newnavbar%] Responsible Owner: [%wgt fhir%] Work Group Standards Status : Informative Transforms between DSTU 3 and STU 4 In addition to a list of all differences between DSTU 3 and STU 4 , this specification also provides transforms between R3 and R4 for most resources that were in R3. These transforms are expressed using the FHIR Mapping Language , and both serve as formal documentation of the relationship between the resource structures in R3 and R4, and can also be used to convert between the formats automatically. The following table summarizes the state of the R3:R4 maps for each resource type. Note the following: Transforms are tested using the following method: For each example resource in the R3 release of the FHIR specification that has a transform to R4 apply the transform to R4 validate against the R4 specification apply the reverse transform back to R3 compare the outcome with the original resource - ideally, it should be identical All transforms should execute - that is, they should be able to take any R3 resource, represent the content in R4, and then generate an R3 representation for the same content. Note, though, that in a few cases, the differences between R3 and R4 designs are so significant that not all examples can be successfully transformed at all. For some resources, the differences in design between R3 and R4 are sufficiently great that the R3 examples cannot reproduce the same output after conversion to R4 and then back to R3. For example, the R4 resource may have a different set of status codes with imperfect maps For some resources, the information available in the R3 examples is not enough to generate valid R4 resources, and so the resources generate R4 validation errors. (e.g., R3 resources missing an element that is required in R4) The transform scripts are only tested to the degree that R3 provided example data For all these reasons, the maps provided in the specification are not authoritative; they are provided to help implementers who need to convert between the R2 and R3 format, but additional revision may be required in an implementation specific context The maps are subject to ongoing maintenance using the FHIR NPM Package "" fhir.versions.r3r4 "" which is maintained on GitHub . See also FHIR Wiki for other ongoing work to support R3/R4 transformations Resource # Tests % Execute OK % RoundTrip Ok % R4 Valid R4 Error Count [%r3maps-summary%] [%file newfooter%]"
36	references-definitions	source/references-definitions.html	﻿ [%settitle Detailed Descriptions for Reference%] [%file newheader%] [%file newnavbar%] Responsible Owner: [%wgt fhir%] Work Group Standards Status : Normative Reference See also Base Definition , Profiles and Extensions CodeableReference See also Base Definition , Profiles and Extensions [%file newfooter%]
408	resourceguide	source/resourceguide.html	[%settitle Guide to Resources%] [%file newheader%] [%file newnavbar%] Guide to Resources Responsible Owner: [%wgt fhir%] Work Group Standards Status : Informative The FHIR specification defines a set of resources, and an infrastructure for handling resources. In order to use FHIR to create solutions for integration requirements, implementers must map their problems to resources and their content. The Resource List provides views of the resources organized in several different ways, and is the primary entry point to the resources. This page describes a subset of common clinical terms and identifies the resources most likely to be used to represent such information. Where to find common concepts in this specification: Concept Example Where to find Clinical Findings Laboratory Results Blood panels such as CBC with Differential, Liver Panel, etc. DiagnosticReport with Observations Imaging Study Findings CT Scans, MRI, Plain Radiographs, Ultrasounds) DiagnosticReport (some with Observations ) Diagnostic Test Results EKG, pulmonary function test, EEG Observations (and maybe a DiagnosticReport ) Vital Signs Temperature, Blood Pressure, Heart Rate, Respiratory Rate Observation Other Physical Exam Findings Auscultation findings Observation Pulmonary Artery Catheter readings Pulmonary artery pressure Observation Patient Problems, Allergies and Adverse Events Allergy Food or drug allergies AllergyIntolerance Clinical Diagnosis Diabetes, Congestive Heart Failure Condition Adverse Event Adverse reaction to an agent, falls, adverse surgical events, hospital infections AdverseEvent Patient History Chief Complaint Cough, Pain, Fever, Fatigue Condition & Observation Past Surgical History Appendectomy, Hernia repair Procedure Past Medical History Diabetes, Congestive heart failure Condition MAR (Medication Administration Record) Warfarin 5mg PO administered on 12/10/2013 at 3pm MedicationAdministration Home Meds Warfarin 5mg, 30 day supply, dispensed on 12/01/2013 MedicationStatement Social History Sexual behavior, Smoking status, Alcohol intake, Illicit drug use Observation Family History Mother has diabetes FamilyMemberHistory Signs & Symptoms from a review of systems- Pain, Fever Condition Suggested Physician Orders Proposal for a laboratory test A blood panel, a stool analysis ServiceRequest Proposal for an imaging procedure CT Scan, MRI, X-Rays ServiceRequest Proposed Diet Order An oral diet order NutritionOrder Proposed respiratory order Oxygen delivery Not done yet Proposed Medications Aspirin, Lisinopril MedicationRequest Proposed Supply Wheel Chair, Food Tray SupplyRequest Interdisciplinary Care Planning Patient Goal Reduce risk of falls, lose weight Goal (as part of a CarePlan ) Intervention Patient assessments ServiceRequest In addition, to the information on this page, see also Common Use Cases . Resource Classification The following frameworks are provided for helping to understand the set of resources provided in this specification: Modules Workflow Patterns : Event , Request , Definition [%file newfooter%]
25	resourcelist-examples	source/resourcelist-examples.html	[%settitle Resource Examples%] [%file newheader%] [%file newnavbar%] Responsible Owner: [%wgt fhir%] Work Group Standards Status : Informative Resource Examples TODO: fill this page out. [%file newfooter%]
23	resources-definitions	source/resources-definitions.html	[%settitle Resources - Detailed Descriptions%] [%file newheader%] [%file newnavbar%] Responsible Owner: [%wgt fhir%] Work Group Standards Status : Normative Resource - Detailed Descriptions Resource [%file newfooter%]
56	resources-examples	source/resources-examples.html	[%settitle Resource Format Examples%] [%file newheader%] [%file newnavbar%] Responsible Owner: [%wgt fhir%] Work Group Standards Status : Informative Resource Format Examples The specification includes many example resources. Most of the examples can be found in the examples section for each defined resource. In addition, there are some general examples of sets of resources: Integrated Examples [%file newfooter%]
147	sc	source/sc.html	[%settitle QA Report%] [%file newheader%] [%file newnavbar%] FHIR Status Codes Grid Responsible Owner: FHIR Infrastructure Work Group Standards Status : Informative This is an internal QA page. The intent of this table is to help reviewers compare the mappings between the general resource status codes and the status codes on particular resources. Note: This page is not proscriptive; it's descriptive and comparative, to assist with review. The FHIR methodology says that if two domains use different terms for the same concept (e.g., 'withdrawn' and 'cancelled') then the domain concept name should be used. Conversely, where there is no explicit reason for the codes to differ based on domain usage, they should not. All status codes must be mapped to one of the general status codes, which are found in the Resource Status code system. Note: Bold indicates that the element is marked as a modifier. [%file newfooter%]
97	searchparameter-registry	source/searchparameter-registry.html	[%settitle Defined Search Parameters%] [%file newheader%] [%file newnavbar%] Defined Search Parameters Responsible Owner: [%wgt fhir%] Work Group Standards Status : Informative This page lists all search parameters defined as part of this specification. Additional search parameters associated with extensions can be found in the extensions search registry . For further details regarding using search parameters, see searching on the RESTful API . All resources have the canonical URL http://hl7.org/fhir/SearchParameter/[id] where [id] is taken from the table below. You can download XML and JSON source for this page. Parameter Type Id Description Paths (Expression) [%file newfooter%]
196	snomedct-usage	source/snomedct-usage.html	[%settitle Using SNOMED CT with FHIR%] [%file newheader%] [%file newnavbar%] SNOMED CT in FHIR Responsible Owner: FHIR Infrastructure Work Group Standards Status : Informative This page summarizes the use of SNOMED CT in the base FHIR Specification. It is used by HL7 and IHTSDO to help with SNOMED CT licensing management. In principle, this base FHIR Specification only uses concepts defined in the International distribution of SNOMED CT, while FHIR implementation guides that use SNOMED CT are generally published by HL7 Affiliates under agreements with National distribution centers. However, there are some US specific codes on this page; HL7 is working with IHTSDO towards remove these from the specification (hopefully they will be elevated to the international SNOMED CT distribution). Value Sets The following value sets reference SNOMED CT. The table lists the value sets,the places they are used, and the binding strengths. [%sct-vs-list%] Concept References The value sets that reference SNOMED CT explicitly reference the following SNOMED CT concepts. The table lists the concepts, and then the value sets and places they are used from, and includes the binding strengths. The table does not include codes published in the expansions. [%sct-concept-list%] [%file newfooter%]
49	terminologies-conceptmaps	source/terminologies-conceptmaps.html	[%settitle Value Sets Defined in FHIR%] [%file newheader%] [%file newnavbar%] Mappings between Value Sets Defined in FHIR Responsible Owner: [%wgt vocab%] Work Group Standards Status : Informative This table contains a list of all the mappings between value sets that are defined as part of the FHIR specification. [%file newfooter%]
125	terminologies-valuesets	source/terminologies-valuesets.html	[%settitle Value Sets Defined in FHIR%] [%file newheader%] [%file newnavbar%] Value Sets Defined in FHIR Responsible Owner: [%wgt vocab%] Work Group Standards Status : Informative This table contains a list of all the value sets defined as part of the core FHIR specification. Some of these value sets include codes defined elsewhere, some contain codes defined as part of FHIR, and some do both. Value sets that are defined in implementation guides or the HL7 Terminology outside this core specification are NOT listed in this table. Additional value sets may be found in FHIR implementation guides in the FHIR registry (https://registry.fhir.org) Note that these value sets are available as FHIR resources - see the Downloads Page (as part of the FHIR definitions) [%file newfooter%]
370	terminology-module	source/terminology-module.html	"[%settitle Terminology Module%] [%file newheader%] [%file newnavbar%] Responsible Owner: Work Group [%wgt vocab%] Standards Status : Informative Terminology Module Introduction The Terminology Module provides an overview and guide to the FHIR resources, operations, coded datatypes and externally-defined standard and FHIR-defined terminologies that are used for representing and communicating coded, structured data in the FHIR core specification and profiles. Collectively, these capabilities are used to provide the terminology service functionality required for supporting the use of coded data in FHIR resources throughout the specification as described in the other modules. The primary terminology-related structures and their relationships are shown below: Example: Condition profile with Condition.code slice bound to ""SNOMED CT fracture codes"" value set [Note: The ElementDefinition type (shown with a dotted box) is described elsewhere in the specification in the Foundation and Conformance modules.] Index The Terminology Module covers the following: Resources CodeSystem ValueSet ConceptMap NamingSystem TerminologyCapabilities Terminology Service Terminology Service Documentation Operations CodeSystem $lookup $validate-code $subsumes ValueSet $expand $validate-code ConceptMap $translate Coded Datatypes code Coding CodeableConcept Documentation Using Codes in Resources Code Systems Defined/Referenced in FHIR Value Sets Defined in FHIR Mappings (FHIR-defined) Between Related Value Set Concepts Known Identifier Systems Security and Privacy For security considerations for terminology services, see the Terminology Service page Security section . For more general considerations, see the Security and Privacy module . Common Use Cases Create or reference a code system Create or reference a value set Record data using pre-coordinated codes Record data using post-coordinated expressions Record data using multiple local or standard code systems (translations) Expand a value set Validate a code Look up a display term for a code Translate a code from one value set to another Test subsumption between concepts Map data between different terminologies Declare the capabilities of a terminology service Development Roadmap The following terminology resources have been tested and are being used in production tooling and now are normative or are expected soon to progress to normative. ValueSet [%fmmshort ValueSet%] CodeSystem [%fmmshort CodeSystem%] ConceptMap [%fmmshort ConceptMap%] Other terminology resources are still in earlier stages of development. We intend to continue to develop and test these resources and advance them through the Maturity Levels at Connectathons and elsewhere. NamingSystem [%fmmshort NamingSystem%] TerminologyCapabilities [%fmmshort TerminologyCapabilities%] [%file newfooter%]"
51	toc	source/toc.html	[%settitle Table of Contents%] [%file newheader%] [%file newnavbar%] Full Table of Contents Responsible Owner: FHIR Infrastructure Work Group Standards Status : Informative This Table of Contents shows, for each page, what the ballot status of the page is. Legend: : Normative Status : Trial Use Status : Informative Status : Draft Status : Deprecated Status [%file newfooter%]
44	w5	source/w5.html	[%settitle QA Report%] [%file newheader%] [%file newnavbar%] FHIR W5 Report Responsible Owner: FHIR Infrastructure Work Group Standards Status : Informative This page is deprecated and will be a removed in a future version of this publication. Instead, see the FiveWs pattern . Concise Full [%file newfooter%]
29	wglist	source/wglist.html	[%settitle FHIR Workgroup List Report%] [%file newheader%] [%file newnavbar%] FHIR Workgroup List Report Responsible Owner: [%wgt fhir%] Work Group Standards Status : Informative See also the QA Page [%file newfooter%]
